"","Target.Gene.ID","Target.Gene.Symbol","Target.Transcript","Genomic.Sequence","Position.of.Base.After.Cut..1.based.","Strand","sgRNA.Target.Sequence","Target.Context.Sequence","PAM.Sequence","Exon.Number","Rule.Set.2.score"
"1593",12142,"Prdm1","NM_007548.4","NC_000076.6",44441578,"antisense","TTGGAACTAATGCCGTACGG","GCCATTGGAACTAATGCCGTACGGTGGCAA","TGG",5,0.7194
"1594",12142,"Prdm1","NM_007548.4","NC_000076.6",44441942,"antisense","GGATAGGATAAACCACCCGA","GCCCGGATAGGATAAACCACCCGAGGGTAG","GGG",5,0.7376
"1595",12142,"Prdm1","NM_007548.4","NC_000076.6",44450182,"antisense","GTGTAGACTTCACCGATGAG","ATTAGTGTAGACTTCACCGATGAGGGGTCC","GGG",3,0.6868
"1596",12142,"Prdm1","NM_007548.4","NC_000076.6",44441259,"antisense","TTGTACCACGTGTTCTGACG","TGGGTTGTACCACGTGTTCTGACGTGGCTG","TGG",5,0.6603
"2177",12399,"Runx3","NM_019732.2","NC_000070.6",135152959,"sense","GGACGTGCTGGCCGACCACG","TGGTGGACGTGCTGGCCGACCACGCGGGAG","CGG",2,0.6532
"2178",12399,"Runx3","NM_019732.2","NC_000070.6",135163276,"sense","GTTCACCAACCCTACCCAAG","CCGTGTTCACCAACCCTACCCAAGTGGCTA","TGG",4,0.6535
"2179",12399,"Runx3","NM_019732.2","NC_000070.6",135171170,"antisense","TTGGTGTTACACGCATGCGC","GTGCTTGGTGTTACACGCATGCGCAGGTCT","AGG",5,0.6263
"2180",12399,"Runx3","NM_019732.2","NC_000070.6",135155416,"antisense","CACTGCGGCCCACGAATCGA","CGCCCACTGCGGCCCACGAATCGAAGGTCG","AGG",3,0.6012
"2361",12478,"Cd19","NM_009844.2","NC_000073.6",126411787,"sense","GAATGACTGACCCCGCCAGG","AAGCGAATGACTGACCCCGCCAGGAGGTAA","AGG",6,0.703
"2362",12478,"Cd19","NM_009844.2","NC_000073.6",126414344,"sense","AATGTCTCAGACCATATGGG","TGTCAATGTCTCAGACCATATGGGGGGCTT","GGG",2,0.7032
"2363",12478,"Cd19","NM_009844.2","NC_000073.6",126413441,"sense","GGCACCTATTATTGTCTCCG","TGAAGGCACCTATTATTGTCTCCGAGGAAA","AGG",4,0.6542
"2364",12478,"Cd19","NM_009844.2","NC_000073.6",126413887,"antisense","TTTAGCCCACACATACAGCT","GGTCTTTAGCCCACACATACAGCTGGGAAC","GGG",3,0.6423
"3417",12916,"Crem","NM_013498.3","NC_000084.6",3295082,"antisense","TATGCTAGTTGGTACTGCCA","GATATATGCTAGTTGGTACTGCCATGGTAG","TGG",4,0.6327
"3418",12916,"Crem","NM_013498.3","NC_000084.6",3325370,"antisense","TGGCCTACCTGAGCTAGAGT","CCTATGGCCTACCTGAGCTAGAGTAGGAAC","AGG",2,0.6237
"3419",12916,"Crem","NM_013498.3","NC_000084.6",3325426,"sense","TCGAAGTGTAACACGTTCTG","AGGATCGAAGTGTAACACGTTCTGTGGCAG","TGG",2,0.6206
"3420",12916,"Crem","NM_013498.3","NC_000084.6",3273570,"antisense","GTAAGTTGGCATGTCACCTG","TCTGGTAAGTTGGCATGTCACCTGTGGCAG","TGG",6,0.6482
"4457",13496,"Arid3a","NM_001288625.1","NC_000076.6",79932012,"antisense","TCTGGGATGCCATATGACTG","GGCATCTGGGATGCCATATGACTGGGGTGG","GGG",3,0.6161
"4458",13496,"Arid3a","NM_001288625.1","NC_000076.6",79931265,"sense","GATAGGCATTTGATGGACGT","GGGAGATAGGCATTTGATGGACGTGGGCTC","GGG",2,0.6492
"4459",13496,"Arid3a","NM_001288625.1","NC_000076.6",79949439,"antisense","CCTGCGATTGCTGTCTATGG","CCTCCCTGCGATTGCTGTCTATGGCGGCCT","CGG",6,0.6314
"4460",13496,"Arid3a","NM_001288625.1","NC_000076.6",79931069,"sense","CCGGATGCATAGGACTCAGA","ATGCCCGGATGCATAGGACTCAGATGGCCG","TGG",2,0.6204
"7581",15248,"Hic1","NM_010430.2","NC_000077.6",75169097,"sense","CGGCAAGACAGACCGACCGG","GGACCGGCAAGACAGACCGACCGGGGGCCC","GGG",1,0.6886
"7582",15248,"Hic1","NM_010430.2","NC_000077.6",75169365,"antisense","GAGACTCAGATATCGGACCT","CCTGGAGACTCAGATATCGGACCTGGGAGT","GGG",1,0.6719
"7583",15248,"Hic1","NM_010430.2","NC_000077.6",75167457,"sense","CTCAACAATCAGCGCACCAA","GCAGCTCAACAATCAGCGCACCAAGGGCTT","GGG",2,0.6296
"7584",15248,"Hic1","NM_010430.2","NC_000077.6",75167069,"sense","GCGGCTACGCTCCTTACGGG","GGCGGCGGCTACGCTCCTTACGGGCGGCCC","CGG",2,0.6502
"8221",15902,"Id2","NM_010496.3","NC_000078.6",25095929,"sense","CTCCCGGAGCAAAACCCCGG","GCATCTCCCGGAGCAAAACCCCGGTGGACG","TGG",1,0.6717
"8222",15902,"Id2","NM_010496.3","NC_000078.6",25095759,"antisense","TGATGCAGGCTGACGATAGT","CTGGTGATGCAGGCTGACGATAGTGGGATG","GGG",1,0.6145
"8223",15902,"Id2","NM_010496.3","NC_000078.6",25095797,"sense","GCACGTCATCGATTACATCT","TGCAGCACGTCATCGATTACATCTTGGACC","TGG",1,0.5427
"8224",15902,"Id2","NM_010496.3","NC_000078.6",25095955,"sense","AGCCTGTCGGACCACAGCTT","AAACAGCCTGTCGGACCACAGCTTGGGCAT","GGG",1,0.4714
"8725",16363,"Irf2","NM_008391.4","NC_000074.6",46793562,"sense","TAAATTCCAATACGATACCA","CAGATAAATTCCAATACGATACCAGGGCTA","GGG",2,0.6696
"8726",16363,"Irf2","NM_008391.4","NC_000074.6",46806546,"antisense","ATCGCCCAGTTTCTGAAGAG","ATGGATCGCCCAGTTTCTGAAGAGCGGAGC","CGG",3,0.6468
"8727",16363,"Irf2","NM_008391.4","NC_000074.6",46837826,"antisense","TTACCTGCGTAGGAAGACAC","CCCCTTACCTGCGTAGGAAGACACAGGAGA","AGG",7,0.6935
"8728",16363,"Irf2","NM_008391.4","NC_000074.6",46818851,"antisense","GAAGTCAGGACCGCATACTC","AGCTGAAGTCAGGACCGCATACTCAGGAGA","AGG",6,0.558
"9309",16598,"Klf2","NM_008452.2","NC_000074.6",72319702,"antisense","GCCTTCACTAGCCGCCCGGG","CTCGGCCTTCACTAGCCGCCCGGGAGGCGC","AGG",2,0.6471
"9310",16598,"Klf2","NM_008452.2","NC_000074.6",72319974,"antisense","GAGGCCCGTAGTGCAACGCG","GCGGGAGGCCCGTAGTGCAACGCGGGGCCG","GGG",2,0.6506
"9311",16598,"Klf2","NM_008452.2","NC_000074.6",72319481,"sense","TGAGGACCTAAACAACGTGT","CGGATGAGGACCTAAACAACGTGTTGGACT","TGG",2,0.6002
"9312",16598,"Klf2","NM_008452.2","NC_000074.6",72319783,"antisense","CCCTCGAGCTTCAGCCCGCG","GGCGCCCTCGAGCTTCAGCCCGCGCGGTCC","CGG",2,0.5651
"13454",18996,"Pou4f1","NM_011143.4","NC_000080.6",104466744,"antisense","AGGGCACGCTATTCATCGTG","GTGCAGGGCACGCTATTCATCGTGTGGTAC","TGG",2,0.6637
"13455",18996,"Pou4f1","NM_011143.4","NC_000080.6",104466382,"sense","CCACCTGTCGCACCCCGCGG","TGGGCCACCTGTCGCACCCCGCGGCGGCGG","CGG",2,0.584
"13456",18996,"Pou4f1","NM_011143.4","NC_000080.6",104467638,"sense","CCAGCTCCGAGGCCATCCGG","CACTCCAGCTCCGAGGCCATCCGGCGGGCC","CGG",1,0.5862
"13457",18996,"Pou4f1","NM_011143.4","NC_000080.6",104466636,"antisense","CGAGCGACGGCGACGAGATG","AGCGCGAGCGACGGCGACGAGATGTGGTCC","TGG",2,0.5622
"14678",19724,"Rfx1","NM_009055.4","NC_000074.6",84090978,"sense","AGTACCACTATTACGGCCTG","TCTAAGTACCACTATTACGGCCTGCGGATC","CGG",11,0.7108
"14679",19724,"Rfx1","NM_009055.4","NC_000074.6",84087999,"antisense","GTAGCCGCCTTGGATCACGT","GCATGTAGCCGCCTTGGATCACGTAGGTGC","AGG",9,0.8304
"14680",19724,"Rfx1","NM_009055.4","NC_000074.6",84087750,"sense","GACGCCTATCTACACGCAGA","CGGAGACGCCTATCTACACGCAGACGGCAG","CGG",9,0.6557
"14681",19724,"Rfx1","NM_009055.4","NC_000074.6",84074052,"sense","TGTGGCTCAGCAGTATATCG","CCCCTGTGGCTCAGCAGTATATCGTGGTCA","TGG",2,0.6823
"17202",21406,"Tcf12","NM_011544.3","NC_000075.6",72000460,"sense","AGTCGATTAGGAACCCACGA","TGACAGTCGATTAGGAACCCACGAAGGCTT","AGG",5,0.7566
"17203",21406,"Tcf12","NM_011544.3","NC_000075.6",71876011,"antisense","AGAGGTGAAGGAGATCCCAC","TGTGAGAGGTGAAGGAGATCCCACTGGTGT","TGG",13,0.6805
"17204",21406,"Tcf12","NM_011544.3","NC_000075.6",71883184,"sense","CCAATGTCCAGCTTCCACCG","TCCGCCAATGTCCAGCTTCCACCGTGGTAG","TGG",11,0.7741
"17205",21406,"Tcf12","NM_011544.3","NC_000075.6",71868256,"antisense","CATCATCCAGCCTGTCTAAG","ATAGCATCATCCAGCCTGTCTAAGCGGTCT","CGG",16,0.6476
"17226",21413,"Tcf4","NM_013685.2","NC_000084.6",69564136,"sense","CAAGCAATAATGCCCGCCGG","TATTCAAGCAATAATGCCCGCCGGAGGCCT","AGG",7,0.6838
"17227",21413,"Tcf4","NM_013685.2","NC_000084.6",69657812,"antisense","CTGTGGACGGGCCCACTGCG","ACAGCTGTGGACGGGCCCACTGCGTGGTTC","TGG",15,0.6404
"17228",21413,"Tcf4","NM_013685.2","NC_000084.6",69465388,"sense","CTATGACCACATGACTAGCA","CTCCCTATGACCACATGACTAGCAGGGATC","GGG",5,0.639
"17229",21413,"Tcf4","NM_013685.2","NC_000084.6",69349122,"sense","GGACCAACTTCTTTGGCGAG","AAATGGACCAACTTCTTTGGCGAGTGGACA","TGG",3,0.6067
"19322",22778,"Ikzf1","NM_001025597.2","NC_000077.6",11768953,"antisense","GATGGCCTGGTCCATCACGT","TGTTGATGGCCTGGTCCATCACGTGGGATG","GGG",8,0.7317
"19323",22778,"Ikzf1","NM_001025597.2","NC_000077.6",11758211,"sense","GTTGGTAAGCCTCACAAATG","TGCAGTTGGTAAGCCTCACAAATGTGGATA","TGG",6,0.5988
"19324",22778,"Ikzf1","NM_001025597.2","NC_000077.6",11707894,"sense","CAGAACTCCAAGAGTGATCG","ACAGCAGAACTCCAAGAGTGATCGAGGCAT","AGG",3,0.634
"19325",22778,"Ikzf1","NM_001025597.2","NC_000077.6",11761246,"sense","AGAAACTAACCACAACGAGA","AGGAAGAAACTAACCACAACGAGATGGCAG","TGG",7,0.6383
"19518",23871,"Ets1","NM_011808.2","NC_000075.6",32734184,"sense","TGCCTGGGGAGAGCCAGTCG","CATGTGCCTGGGGAGAGCCAGTCGTGGTAG","TGG",5,0.6683
"19519",23871,"Ets1","NM_011808.2","NC_000075.6",32728701,"antisense","TTGCTGCTCGGAGTTAACAG","TTCTTTGCTGCTCGGAGTTAACAGCGGGAC","CGG",2,0.6321
"19520",23871,"Ets1","NM_011808.2","NC_000075.6",32733015,"antisense","CTTACTGATGAAGTAATCCG","AGCACTTACTGATGAAGTAATCCGAGGTGT","AGG",4,0.7158
"19521",23871,"Ets1","NM_011808.2","NC_000075.6",32730082,"antisense","CATCACCCAGTCCCGGACGT","CCCACATCACCCAGTCCCGGACGTGGGTTT","GGG",3,0.6153
"23270",54131,"Irf3","NM_016849.4","NC_000073.6",44999922,"sense","CCAGTGGTGCCTACACCCCG","GAAGCCAGTGGTGCCTACACCCCGGGGAAG","GGG",3,0.7222
"23271",54131,"Irf3","NM_016849.4","NC_000073.6",45000436,"antisense","AGAAACAATAGCCAGATCTG","GATCAGAAACAATAGCCAGATCTGAGGACC","AGG",5,0.6642
"23272",54131,"Irf3","NM_016849.4","NC_000073.6",44998806,"sense","GGCTGGACGAGAGCCGAACG","GCCTGGCTGGACGAGAGCCGAACGAGGTTC","AGG",2,0.6458
"23273",54131,"Irf3","NM_016849.4","NC_000073.6",45000669,"antisense","CTGGCGGCCTCGGTAGAAGG","AGACCTGGCGGCCTCGGTAGAAGGCGGTCA","CGG",6,0.6508
"61832",240427,"Setbp1","NM_053099.2","NC_000084.6",78859813,"antisense","AGTTGGAGGACCATTCCATG","TCAGAGTTGGAGGACCATTCCATGTGGCTC","TGG",4,0.7508
"61833",240427,"Setbp1","NM_053099.2","NC_000084.6",78858858,"antisense","GCCTCTCGAAGCATAGCCGG","GACTGCCTCTCGAAGCATAGCCGGAGGTTT","AGG",4,0.6674
"61834",240427,"Setbp1","NM_053099.2","NC_000084.6",78857950,"antisense","TCAGTGAGCCAATCTCGCAA","TCCTTCAGTGAGCCAATCTCGCAAAGGTGT","AGG",4,0.6779
"61835",240427,"Setbp1","NM_053099.2","NC_000084.6",78859367,"sense","AACCACAGAAGGGAAACGGG","TTGAAACCACAGAAGGGAAACGGGAGGCCT","AGG",4,0.727
"67948",268564,"Zbtb1","NM_178744.2","NC_000078.6",76386415,"antisense","TCCACGCTGATGGACATACG","CTCATCCACGCTGATGGACATACGAGGTTT","AGG",2,0.7232
"67949",268564,"Zbtb1","NM_178744.2","NC_000078.6",76385802,"antisense","ACACATCAAACAGCGGCTCG","TTACACACATCAAACAGCGGCTCGGGGAAG","GGG",2,0.6688
"67950",268564,"Zbtb1","NM_178744.2","NC_000078.6",76386000,"antisense","CTCTAATATCTACTATTCGG","CCATCTCTAATATCTACTATTCGGTGGTAA","TGG",2,0.6204
"67951",268564,"Zbtb1","NM_178744.2","NC_000078.6",76386533,"sense","GTGTGGACTCACAATAACTG","AGCTGTGTGGACTCACAATAACTGAGGAGG","AGG",2,0.7158
"68436",269800,"Zfp384","NM_175557.5","NC_000072.6",125031778,"sense","GCACCTCCGTATCCACTCAG","CTCAGCACCTCCGTATCCACTCAGGGGCCA","GGG",8,0.717
"68437",269800,"Zfp384","NM_175557.5","NC_000072.6",125024232,"sense","TGTTACCCAGAATATCACAG","CATCTGTTACCCAGAATATCACAGTGGTTC","TGG",4,0.8091
"68438",269800,"Zfp384","NM_175557.5","NC_000072.6",125024869,"sense","GGGCTCGCAAGCCCTACAGG","CCCCGGGCTCGCAAGCCCTACAGGTGGTCC","TGG",6,0.6737
"68439",269800,"Zfp384","NM_175557.5","NC_000072.6",125024969,"sense","GCTCCTCCTAAACCTCCTCG","TGTGGCTCCTCCTAAACCTCCTCGGGGCCG","GGG",6,0.7306
